Dataset,Final Aggregate Size
WW,11820
FW,10701
WF,10692
FF,9560
YW,8730
WY,8640
FY,8372
YF,8352
SW,8071
WS,7896
TW,7833
WT,7777
IW,7672
VW,7623
WC,7600
WI,7567
CW,7560
LW,7546
WV,7532
WL,7462
PW,7329
WP,7042
IF,6744
FI,6714
FL,6600
LF,6588
SF,6588
FS,6540
CF,6444
KW,6430
WM,6419
MW,6293
TF,6246
FT,6234
PF,6186
FV,6174
VF,6156
FP,6048
MF,5999
RW,5826
FM,5784
SH,4860
YS,4674
HS,4625
HW,4588
WH,4512
KF,4385
FC,4281
FH,4206
HF,4101
SY,4076
RF,3870
WR,3182
YC,3008
KD,2959
RD,2786
WK,2276
HT,1857
FD,1569
