Dataset,Shape Distribution
IF,"Sheets(0.01), Vesicles(0.99)"
FI,"Sheets(0.01), Vesicles(0.99)"
FL,"Sheets(0.01), Vesicles(0.99)"
FY,"Sheets(0.01), Vesicles(0.99), Tubes(0.00)"
FT,"Sheets(0.01), Vesicles(0.99)"
FW,"Sheets(0.01), Vesicles(0.99)"
SF,"Sheets(0.01), Vesicles(0.99)"
CW,"Sheets(0.01), Vesicles(0.99)"
PF,"Sheets(0.01), Vesicles(0.99)"
WT,"Sheets(0.01), Vesicles(0.99)"
WW,"Sheets(0.01), Vesicles(0.99)"
LW,"Sheets(0.01), Vesicles(0.99)"
FF,"Sheets(0.01), Vesicles(0.99)"
FS,"Sheets(0.01), Vesicles(0.99)"
VW,"Sheets(0.01), Vesicles(0.99)"
FV,"Sheets(0.01), Vesicles(0.99)"
WC,"Sheets(0.01), Vesicles(0.99)"
WF,"Sheets(0.01), Vesicles(0.99)"
WS,"Sheets(0.01), Vesicles(0.99)"
WI,"Sheets(0.01), Vesicles(0.99)"
WV,"Sheets(0.01), Vesicles(0.99)"
LF,"Sheets(0.01), Vesicles(0.99)"
TW,"Sheets(0.01), Vesicles(0.99)"
IW,"Sheets(0.01), Vesicles(0.99)"
VF,"Sheets(0.02), Vesicles(0.98)"
FP,"Sheets(0.01), Vesicles(0.99)"
CF,"Sheets(0.02), Vesicles(0.98)"
SW,"Sheets(0.01), Vesicles(0.99)"
WP,"Sheets(0.01), Vesicles(0.99)"
TF,"Sheets(0.01), Vesicles(0.99)"
YW,"Sheets(0.01), Vesicles(0.99)"
FD,"Sheets(0.01), Vesicles(0.96), Tubes(0.03)"
SH,"Sheets(0.01), Vesicles(0.99)"
HF,"Sheets(0.01), Vesicles(0.95), Tubes(0.04)"
HS,"Sheets(0.02), Vesicles(0.98), Tubes(0.00)"
MW,"Sheets(0.01), Vesicles(0.99)"
RF,"Sheets(0.01), Vesicles(0.97), Tubes(0.03)"
WL,"Sheets(0.01), Vesicles(0.99)"
YC,"Sheets(0.01), Vesicles(0.84), Tubes(0.16)"
YF,"Sheets(0.02), Vesicles(0.98)"
FH,"Sheets(0.01), Vesicles(0.97), Tubes(0.03)"
FC,"Sheets(0.01), Vesicles(0.95), Tubes(0.04)"
KD,"Sheets(0.01), Vesicles(0.95), Tubes(0.04)"
KW,"Sheets(0.01), Vesicles(0.93), Tubes(0.06)"
MF,"Sheets(1.00), Vesicles(0.00)"
WK,"Sheets(0.00), Vesicles(0.93), Tubes(0.06)"
WY,"Sheets(0.01), Vesicles(0.99), Tubes(0.00)"
YS,"Sheets(0.01), Vesicles(0.99)"
FM,"Sheets(0.03), Vesicles(0.97)"
KF,"Sheets(0.01), Vesicles(0.98), Tubes(0.02)"
SY,"Sheets(0.01), Vesicles(0.99), Tubes(0.00)"
PW,"Sheets(0.02), Vesicles(0.98)"
HT,"Sheets(0.01), Vesicles(0.94), Tubes(0.05)"
HW,"Sheets(0.01), Vesicles(0.94), Tubes(0.05)"
RD,"Sheets(0.00), Vesicles(0.96), Tubes(0.03)"
WR,"Sheets(0.00), Vesicles(0.92), Tubes(0.08)"
WM,"Sheets(0.96), Vesicles(0.04)"
WH,"Sheets(0.01), Vesicles(0.93), Tubes(0.06)"
RW,"Sheets(0.01), Vesicles(0.95), Tubes(0.04)"
