Dataset,Sheets,Fibers,Vesicles,Tubes,Undetermined
CF,0.011,0.008,0.864,0.001,0.116
CW,0.012,0.018,0.877,0.004,0.089
FC,0.003,0.000,0.543,0.036,0.418
FD,0.008,0.000,0.714,0.030,0.248
FF,0.007,0.036,0.417,0.003,0.537
FH,0.004,0.003,0.537,0.027,0.429
FI,0.014,0.006,0.906,0.007,0.068
FL,0.012,0.012,0.905,0.002,0.069
FM,0.009,0.008,0.700,0.000,0.282
FP,0.010,0.007,0.724,0.002,0.258
FS,0.013,0.000,0.936,0.001,0.050
FT,0.010,0.003,0.950,0.001,0.037
FV,0.012,0.005,0.820,0.002,0.160
FW,0.014,0.028,0.919,0.001,0.038
FY,0.008,0.017,0.701,0.006,0.268
HF,0.004,0.002,0.532,0.029,0.433
HS,0.005,0.005,0.474,0.021,0.495
HT,0.006,0.000,0.566,0.033,0.394
HW,0.004,0.000,0.503,0.038,0.455
IF,0.014,0.005,0.953,0.001,0.027
IW,0.012,0.003,0.889,0.001,0.094
KD,0.004,0.002,0.444,0.041,0.510
KF,0.003,0.000,0.611,0.016,0.370
KW,0.003,0.089,0.443,0.035,0.431
LF,0.013,0.003,0.951,0.000,0.032
LW,0.011,0.001,0.884,0.002,0.102
MF,0.010,0.019,0.625,0.003,0.344
MW,0.009,0.009,0.643,0.003,0.336
PF,0.009,0.028,0.735,0.001,0.227
PW,0.010,0.001,0.791,0.000,0.198
RD,0.003,0.012,0.435,0.030,0.520
RF,0.004,0.000,0.602,0.020,0.373
RW,0.003,0.006,0.479,0.024,0.488
SF,0.013,0.002,0.952,0.001,0.031
SH,0.005,0.004,0.617,0.012,0.363
SW,0.014,0.004,0.907,0.004,0.072
SY,0.004,0.001,0.399,0.032,0.563
TF,0.013,0.000,0.929,0.004,0.054
TW,0.014,0.025,0.917,0.005,0.040
VF,0.010,0.016,0.805,0.009,0.159
VW,0.013,0.005,0.872,0.008,0.102
WC,0.010,0.010,0.905,0.003,0.072
WF,0.012,0.161,0.705,0.010,0.112
WH,0.005,0.001,0.501,0.038,0.455
WI,0.012,0.002,0.923,0.004,0.059
WK,0.004,0.000,0.812,0.060,0.124
WL,0.013,0.012,0.891,0.001,0.083
WM,0.008,0.047,0.673,0.003,0.269
WP,0.010,0.003,0.832,0.001,0.154
WR,0.002,0.000,0.507,0.040,0.451
WS,0.014,0.002,0.959,0.001,0.024
WT,0.014,0.015,0.892,0.006,0.072
WV,0.015,0.004,0.900,0.005,0.076
WW,0.013,0.014,0.883,0.002,0.089
WY,0.011,0.029,0.502,0.012,0.446
YC,0.004,0.000,0.336,0.071,0.589
YF,0.008,0.013,0.618,0.000,0.361
YS,0.004,0.000,0.495,0.000,0.501
YW,0.011,0.008,0.607,0.015,0.358
